,,,0.999352048,1.216113097,5.5512,,0.084973966,0.744386874
Row Labels,Sum of sales_sum,,,633.708,-50.616,,2.80188919,0
1/2/2015,3703201.243,3703201.243,,324.044,-0.603,,2.510603984,0
1/3/2015,1856767.638,5559968.881,,28802.196,8000.5004,,4.459425601,3.903117151
1/4/2015,1396297.047,7416736.519,,9626.174,2571.7707,,3.983453708,3.410232244
1/5/2015,2794450.182,9273504.157,,9686.492,2565.6042,,3.986166524,3.409189658
1/6/2015,931799.2734,11130271.79,,9775.412,2599.3662,,3.99013507,3.414867467
1/9/2015,1864655.093,12987039.43,,4923.616,1313.4122,,3.692284174,3.118401046
1/10/2015,467282.7797,14843807.07,,76046.816,19127.821,,4.881081035,4.281665499
1/12/2015,2807687.364,16700574.71,,8539.371,1933.7652,,3.931425882,3.28640374
1/13/2015,1874001.927,18557342.35,,8689.321,1999.7432,,3.938985841,3.300974229
1/17/2015,1407145.567,20414109.98,,35705.548,8003.1033,,4.552735703,3.903258423
1/19/2015,938624.2914,22270877.62,,9054.149,2000.2961,,3.956847637,3.301094288
1/23/2015,938896.2954,24127645.26,,36913.058,7717.9766,,4.567180025,3.887503458
1/24/2015,469468.5777,25984412.9,,191427.631,36523.4775,,5.282004625,4.562572121
1/26/2015,469651.2977,27841180.54,,12131.861,2300.7708,,4.083927426,3.361873357
1/27/2015,1883743.723,29697948.17,,24349.822,4640.0184,,4.386495791,3.666519703
1/28/2015,477522.1937,31554715.81,,115875.519,21498.0534,,5.063991692,4.332399137
1/30/2015,1434984.189,33411483.45,,40699.523,7432.6563,,4.609589319,3.871144051
1/31/2015,1439230.021,35268251.09,,13705.729,2481.3446,,4.13690214,3.394687082
2/3/2015,2880442.846,37125018.73,,27662.518,4979.0914,,4.44189171,3.697150099
2/6/2015,4337127.365,38981786.36,,14236.895,2496.4144,,4.153415282,3.397316679
2/7/2015,966052.2074,40838554,,14705.795,2702.7304,,4.167488508,3.431802727
2/8/2015,1932608.263,42695321.64,,44372.067,8114.7287,,4.64710966,3.909274005
2/9/2015,2417082.907,44552089.28,,30015.834,5478.5752,,4.477350415,3.738667627
2/10/2015,484024.4677,46408856.92,,45378.075,8349.5961,,4.656846069,3.921665468
2/14/2015,3391183.434,48265624.55,,61439.43,11394.506,,4.788447178,4.056695501
2/15/2015,3889025.318,50122392.19,,31254.578,5847.0952,,4.494913639,3.766940165
2/16/2015,1460389.459,51979159.83,,15674.329,2933.9524,,4.195188958,3.467453064
2/18/2015,1460787.103,53835927.47,,154997.171,28349.0528,,5.190323772,4.452538553
2/20/2015,974292.9374,55692695.11,,17847.297,3203.1869,,4.251572451,3.50558228
2/21/2015,977219.9474,57549462.74,,72576.342,13146.8492,,4.860795075,4.118821681
2/22/2015,489960.3237,59406230.38,,18445.383,3330.5723,,4.265887677,3.522518866
2/23/2015,979985.3034,61262998.02,,36900.886,6643.7586,,4.567036794,3.822413844
2/25/2015,980025.2194,63119765.66,,18508.631,3323.7231,,4.267374297,3.521624835
2/27/2015,2452050.772,64976533.3,,37080.206,6622.2774,,4.569142138,3.821007369
2/28/2015,983079.3134,66833300.93,,55879.775,10016.9621,,4.747254649,4.000736031
3/1/2015,3446304.266,68690068.57,,18650.855,3331.72,,4.270698746,3.522668496
3/2/2015,1482614.827,70546836.21,,18670.295,3341.0512,,4.27115118,3.523883131
3/5/2015,7930562.585,72403603.85,,37358.89,6679.9208,,4.572393964,3.824771313
3/6/2015,994481.5362,74260371.49,,37451.886,6702.9491,,4.573473693,3.826265922
3/7/2015,1992500.29,76117139.12,,18756.787,3358.7228,,4.273158447,3.526174162
3/8/2015,4005257.055,77973906.76,,200610.609,32524.3526,,5.302353896,4.512208661
3/9/2015,1504579.716,79830674.4,,84152.44,12707.0884,,4.925066713,4.104046051
3/10/2015,1003391.252,81687442.04,,194147.474,27513.7806,,5.288131744,4.43955027
3/12/2015,2007107.392,83544209.68,,45741.78,5189.7702,,4.660313061,3.715148128
3/13/2015,1507958.568,85400977.31,,116863.754,13863.6655,,5.067679833,4.141878071
3/14/2015,1510942.104,87257744.95,,193237.256,23267.62,,5.286090862,4.366751962
3/15/2015,503901.0841,89114512.59,,76858.994,8983.9497,,4.885694696,3.953467312
3/16/2015,5087069.811,90971280.23,,210558.706,25046.456,,5.323373203,4.398746283
3/17/2015,1022326.448,92828047.87,,308786.438,39417.2391,,5.489658218,4.595686202
3/19/2015,6704373.227,94684815.5,,145707.148,19093.4071,,5.163480858,4.280883432
3/20/2015,4656385.079,96541583.14,,29756.812,3866.2405,,4.473586401,3.587288866
3/21/2015,1558351.185,98398350.78,,615788.288,61607.3559,,5.789431425,4.78963257
3/22/2015,5206241.083,100255118.4,,356124.41,31914.778,,5.551601743,4.503991828
3/23/2015,3134440.026,102111886.1,,277126.85,27432.8053,,5.442678605,4.438270221
3/24/2015,1569437.176,103968653.7,,467664.564,51553.7805,,5.669934464,4.712260518
3/26/2015,3152154.302,105825421.3,,220542.04,24892.1678,,5.343491387,4.39606272
3/27/2015,527886.3927,107682189,,135260.847,15228.0087,,5.131172103,4.182643116
3/28/2015,2640476.804,109538956.6,,90680.562,10219.4778,,4.957514203,4.009428705
3/29/2015,4236512.924,111395724.2,,228823.815,25971.6857,,5.359501222,4.414500139
3/30/2015,1589865.674,113252491.9,,229603.401,26157.9655,,5.360978317,4.417603963
3/31/2015,1591239.134,115109259.5,,188373.168,21211.3196,,5.275019042,4.326567688
4/2/2015,3183659.416,116966027.2,,48679.442,5080.6685,,4.687345591,3.705920859
4/4/2015,4782342.266,118822794.8,,442573.294,46732.2857,,5.645985204,4.669617023
4/5/2015,6939135.007,120679562.4,,459001.778,50466.638,,5.661814368,4.703004374
4/6/2015,3211811.956,122536330.1,,207547.088,22758.3996,,5.317116644,4.357141719
4/7/2015,2680754.86,124393097.7,,317864.33,35936.673,,5.502241795,4.555537868
4/9/2015,1610313.974,126249865.4,,160481.366,18425.2467,,5.205424612,4.265413311
4/10/2015,1611409.44,128106633,,430953.246,49935.2791,,5.634430156,4.698407482
4/11/2015,3764881.887,129963400.6,,740716.988,83400.1334,,5.869652305,4.921166745
4/12/2015,538562.6927,131820168.3,,783634.33,86030.2701,,5.894113454,4.934651286
4/13/2015,8102352.461,133676935.9,,308465.34,35188.4966,,5.489206373,4.546400712
4/14/2015,541790.5787,135533703.5,,442128.296,51834.1615,,5.64554831,4.714616078
4/16/2015,7605842.678,137390471.2,,585198.308,69815.1019,,5.767303062,4.843949376
4/17/2015,4382352.428,139247238.8,,405372.721,48983.3866,,5.60785452,4.690048808
4/18/2015,9898559.135,141104006.5,,341624.457,39360.9187,,5.533548954,4.595065226
4/19/2015,1101758.761,142960774.1,,137379.086,15744.0862,,5.137920623,4.197117459
4/20/2015,2759449.006,144817541.7,,68822.495,7920.3019,,4.837730413,3.898741736
4/21/2015,2210898.731,146674309.4,,554586.75,64284.8472,,5.743969489,4.808108616
4/22/2015,1106486.477,148531077,,209944.881,24438.2853,,5.32210529,4.388070731
4/24/2015,553301.2987,150387844.6,,284168.008,32109.019,,5.453575183,4.506627037
4/25/2015,3876764.157,152244612.3,,143459.774,15977.8568,,5.156730142,4.203518525
4/26/2015,5557322.224,154101379.9,,144794.206,16224.0853,,5.160751184,4.210160221
4/27/2015,2790978.291,155958147.6,,437075.76,48586.1523,,5.640556721,4.686512507
4/28/2015,2799521.251,157814915.2,,442517.376,49352.9199,,5.645930328,4.693312852
4/29/2015,563084.2702,159671682.8,,302735.516,33912.5734,,5.481063374,4.530360747
4/30/2015,5079100.077,161528450.5,,689797.857,77739.2931,,5.838721841,4.890640587
5/1/2015,3954638.256,163385218.1,,472063.354,53023.4398,,5.674000288,4.724467898
5/2/2015,1130389.898,165241985.7,,238487.033,26997.0919,,5.377464771,4.431316985
5/3/2015,7366459.896,167098753.4,,160741.578,18408.65,,5.206128227,4.265021941
5/4/2015,2272084.271,168955521,,241988.271,27812.0943,,5.383794317,4.444233693
5/7/2015,1706592.348,170812288.7,,484768.394,55888.6254,,5.685534297,4.747323428
5/8/2015,6270389.525,172669056.3,,567030.435,65458.7339,,5.75360637,4.815967601
5/9/2015,572930.6592,174525823.9,,243937.174,28307.7686,,5.387277988,4.451905637
5/10/2015,1719125.144,176382591.6,,327082.022,37992.254,,5.514656674,4.57969506
5/11/2015,573277.0692,178239359.2,,84277.598,9912.787,,4.925712149,3.996195774
5/12/2015,4589382.168,180096126.9,,507360.248,59817.0128,,5.705316437,4.776824721
5/13/2015,1149135.606,181952894.5,,685952.958,79945.5924,,5.836294333,4.902794525
5/14/2015,6909795.674,183809662.1,,701850.492,79830.4681,,5.846244609,4.902168676
5/15/2015,1155521.853,185666429.8,,178086.994,19443.915,,5.250632203,4.288783714
5/16/2015,578042.8787,187523197.4,,539339.9,56889.0287,,5.73186255,4.755028519
5/17/2015,2312465.499,189379965,,90602.787,9437.9846,,4.957141557,3.974879264
5/18/2015,578188.2067,191236732.7,,181727.734,18914.2852,,5.259421211,4.276789933
5/20/2015,1156709.093,193093500.3,,90983.747,9504.6746,,4.958963818,3.977937253
5/21/2015,1735214.096,194950268,,367537.724,37367.0654,,5.565301922,4.572488992
5/22/2015,2323658.639,196807035.6,,184014.43,18755.4016,,5.264851881,4.273126368
5/23/2015,3497387.042,198663803.2,,645514.545,66080.256,,5.809906032,4.820071717
5/24/2015,1168407.231,200520570.9,,961467.476,110751.6998,,5.982934598,5.0443504
5/25/2015,4683503.708,202377338.5,,193534.404,22408.3452,,5.286758179,4.350409786
5/26/2015,4691012.258,204234106.1,,678277.621,78517.4792,,5.831407488,4.894966348
5/28/2015,5286121.895,206090873.8,,97229.715,11325.493,,4.987799013,4.054057116
5/29/2015,4708448.352,207947641.4,,291989.205,33435.8662,,5.465366796,4.524212579
5/30/2015,2357564.155,209804409.1,,785395.248,89904.1686,,5.895088269,4.953779829
5/31/2015,10077741.47,211661176.7,,501205.697,56669.2996,,5.700015999,4.753347845
6/1/2015,4167116.998,213517944.3,,302861.485,34224.2742,,5.481244047,4.534334247
6/4/2015,3575279.208,215374712,,814945.699,91445.605,,5.911128672,4.961162838
6/5/2015,1196684.155,217231479.6,,207392.166,23759.1701,,5.316792347,4.375831267
6/7/2015,2393534.303,219088247.3,,1182404.558,143345.2713,,6.072766095,5.156383371
6/8/2015,5392160.291,220945014.9,,546162.22,67798.732,,5.737321655,4.831221572
6/9/2015,4199981.668,222801782.5,,551344.442,68998.8374,,5.741423001,4.838841773
6/11/2015,7820371.638,224658550.2,,553183.746,68980.6334,,5.742869411,4.838727178
6/12/2015,3018807.681,226515317.8,,1005830.564,122374.4502,,6.002524828,5.087690754
6/13/2015,6045971.491,228372085.4,,224797.209,26780.2387,,5.351790915,4.427814444
6/14/2015,605015.3637,230228853.1,,454799.392,53600.8598,,5.657819875,4.729171756
6/15/2015,3632389.934,232085620.7,,1890893.176,220561.4631,,6.276666995,5.343529634
6/16/2015,3641613.766,233942388.4,,120988.894,14348.4881,,5.082745507,4.156806142
6/18/2015,8538367.9,235799156,,121003.414,14353.2797,,5.082797624,4.156951148
6/19/2015,3667794.632,237655923.6,,121216.354,14410.7735,,5.083561217,4.158687292
6/20/2015,2448071.739,239512691.3,,487712.6,57380.6268,,5.688163976,4.758765288
6/21/2015,612460.3647,241369458.9,,491462.424,57553.4096,,5.691490318,4.760071057
6/22/2015,1840206.392,243226226.5,,621618.878,74384.0884,,5.793524195,4.871480045
6/23/2015,4305163.978,245082994.2,,126481.422,15548.0823,,5.10202674,4.191676831
6/25/2015,6158367.419,246939761.8,,1145828.185,139527.5323,,6.059119501,5.144659913
6/26/2015,4317605.446,248796529.5,,2343554.682,285614.1945,,6.369875091,5.455779787
6/28/2015,3711628.432,250653297.1,,934767.1902,114715.3627,,5.97070346,5.059621583
6/29/2015,2477269.111,252510064.7,,403482.2018,49131.3702,,5.605824382,4.691358876
7/2/2015,8069895.512,254366832.4,,134507.0806,16378.9012,,5.128745147,4.214284763
7/3/2015,3108420.569,256223600,,540764.1544,65656.412,,5.733007896,4.817277146
7/4/2015,1869476.171,258080367.6,,407214.0418,49384.3152,,5.609822745,4.693589036
7/5/2015,4362704.454,259937135.3,,821444.7936,99272.8036,,5.914578381,4.996830287
7/6/2015,4368427.026,261793902.9,,275202.9832,33241.2142,,5.439653137,4.521676879
7/8/2015,624701.6937,263650670.6,,1104323.693,134119.6296,,6.04309639,5.127492345
7/9/2015,8757025.768,265507438.2,,416261.0108,50779.0681,,5.619365734,4.705684726
7/10/2015,1252624.267,267364205.8,,278051.7392,33937.9924,,5.444125616,4.530686148
7/11/2015,6898681.805,269220973.5,,556981.3584,68168.1012,,5.74584066,4.833581197
7/12/2015,5035211.918,271077741.1,,1402295.12,172147.7168,,6.146839423,5.235901267
7/13/2015,3159568.16,272934508.8,,283038.8072,34871.4884,,5.451845985,4.542470485
7/14/2015,2531597.511,274791276.4,,283930.6672,34837.9404,,5.453212303,4.542052472
7/16/2015,4449730.293,276648044,,427392.8388,52199.9418,,5.630827241,4.717670019
7/17/2015,2546505.267,278504811.7,,1285925.751,156992.445,,6.109215893,5.195878753
7/18/2015,3186403.448,280361579.3,,1444902.828,178564.748,,6.159838641,5.251795725
7/19/2015,637372.6957,282218346.9,,1758681.779,216876.6012,,6.245187264,5.336212699
7/20/2015,6386194.677,284075114.6,,147526.8666,18104.3486,,5.168871118,4.257782903
7/23/2015,1920672.563,285931882.2,,1329259.295,162558.2076,,6.123609706,5.211008902
7/24/2015,2562235.353,287788649.9,,295651.4012,36151.7894,,5.470779942,4.558129798
7/25/2015,5134153.066,289645417.5,,296190.1172,36107.1624,,5.471570564,4.557593359
7/26/2015,4507104.019,291502185.1,,742668.549,90765.7308,,5.870795033,4.957921909
7/27/2015,644194.3047,293358952.8,,2250203.021,271839.0997,,6.352221703,5.434311923
7/30/2015,3222354.518,295215720.4,,1217223.143,147068.8564,,6.085370201,5.167520715
7/31/2015,3239692.222,297072488,,1228833.145,147983.755,,6.089492917,5.170214043
8/1/2015,1297718.953,298929255.7,,1402325.145,168873.5375,,6.146848722,5.227561601
8/2/2015,4550705.979,300786023.3,,817142.103,95762.3381,,5.912297588,4.981194741
8/5/2015,2602830.327,302642791,,2521327.195,268194.8876,,6.401629208,5.428450495
8/6/2015,3254404.921,304499558.6,,511582.0898,47177.3569,,5.708915332,4.673733606
8/7/2015,5212830.231,306356326.2,,512552.1098,47267.6583,,5.709738026,4.674564087
8/8/2015,4567607.141,308213093.9,,172294.4686,16031.1177,,5.236271335,4.204963803
8/9/2015,11147910.89,310069861.5,,1034624.492,96427.6422,,6.014782755,4.984201548
8/10/2015,4608275.231,311926629.2,,518529.2698,48575.0197,,5.714773276,4.686412985
8/11/2015,1976574.784,313783396.8,,1042382.444,97304.1087,,6.018027088,4.988131179
8/13/2015,3955500.295,315640164.4,,1582816.681,151657.1804,,6.199430619,5.180862977
8/15/2015,1979871.452,317496932.1,,2130993.455,207743.4707,,6.328582116,5.317527383
8/16/2015,8613311.603,319353699.7,,358403.6972,35342.2752,,5.554372481,4.548294504
8/17/2015,3317851.858,321210467.3,,2364527.517,240098.4436,,6.373744372,5.380389345
8/21/2015,10647111.98,323067235,,1667115.277,172657.4539,,6.221965631,5.237185332
8/22/2015,1333370.396,324924002.6,,748046.1804,78266.6876,,5.87392841,4.893576954
8/23/2015,7339964.969,326780770.3,,2074379.243,217900.9332,,6.316888158,5.33825909
8/24/2015,9417439.387,328637537.9,,1706137.387,180014.3016,,6.232014,5.25530701
8/25/2015,3376156.103,330494305.5,,190843.0266,19837.0902,,5.280676295,4.297477968
8/27/2015,3379254.059,332351073.2,,955168.873,99579.0878,,5.980080161,4.998168144
8/28/2015,6807141.809,334207840.8,,1343892.018,140700.1951,,6.128364375,5.1482947
8/29/2015,1365179.088,336064608.4,,775253.3364,81674.1689,,5.889443644,4.912084724
8/31/2015,4790402.901,337921376.1,,583902.1498,62331.9985,,5.766340074,4.794711052
9/1/2015,4804583.314,339778143.7,,1948816.238,208542.9478,,6.28977089,5.319195508
9/3/2015,9643185.271,341634911.4,,780961.9344,83809.024,,5.892629866,4.923290783
9/4/2015,4832505.054,343491679,,2743854.928,294886.2054,,6.438361146,5.469654457
9/5/2015,6221666.739,345348446.6,,1181686.438,126733.6395,,6.072502251,5.102891907
9/6/2015,6920312.127,347205214.3,,1385894.872,149672.3487,,6.141730288,5.175141574
9/7/2015,9718829.449,349061981.9,,997666.1475,107971.5549,,5.998985236,5.033309356
9/8/2015,2086458.633,350918749.5,,400126.8942,42651.8434,,5.602197743,4.629937806
9/10/2015,6266039.484,352775517.2,,200203.9371,21349.2227,,5.301472614,4.329382067
9/11/2015,9075090.68,354632284.8,,1001801.778,106906.6497,,6.000781798,5.02900472
9/12/2015,6295403.798,356489052.5,,1814077.956,194858.983,,6.258655946,5.289720432
9/13/2015,9825299.833,358345820.1,,407891.5262,44705.4202,,5.610544683,4.650360181
9/14/2015,4936735.128,360202587.7,,408459.8302,44735.5472,,5.611149352,4.650652754
9/15/2015,9900393.157,362059355.4,,408634.0542,44789.3222,,5.611334556,4.65117449
9/16/2015,708875.2529,363916123,,5159136.151,556140.2488,,6.712576989,5.745184327
9/17/2015,16428401.65,365772890.7,,5910602.267,548594.469,,6.771631736,5.739251425
9/18/2015,10112949.87,367629658.3,,2918279.081,270051.6307,,6.465126822,5.431446804
9/19/2015,4347660.093,369486425.9,,1135725.763,103075.0135,,6.055273477,5.0131534
9/20/2015,5080985.248,371343193.6,,228125.3361,20772.2038,,5.358173522,4.317482575
9/21/2015,14605240.62,373199961.2,,2519176.901,229685.408,,6.401258666,5.361133405
9/22/2015,8079860.258,375056728.8,,3505828.998,321965.8601,,6.544790729,5.507809823
9/24/2015,14032486.15,376913496.5,,4501236.562,423033.0537,,6.653331838,5.626374302
9/25/2015,15580054.11,378770264.1,,718343.6083,69513.9862,,5.856332232,4.842072193
9/26/2015,14897154.06,380627031.8,,239496.1081,23190.4252,,5.37929846,4.365308712
9/27/2015,7470124.281,382483799.4,,3358143.052,326191.5372,,6.526099193,5.513472689
9/28/2015,8242134.372,384340567,,2228039.518,200294.213,,6.347922889,5.301668402
10/1/2015,4502352.669,386197334.7,,4529285.224,390187.5485,,6.65602967,5.591273406
10/2/2015,11276485.15,388054102.3,,4115553.464,373120.9192,,6.614428248,5.571849599
10/3/2015,4514382.207,389910869.9,,2065952.141,187387.921,,6.315120257,5.272741593
10/4/2015,3011992.932,391767637.6,,3184540.203,316137.1303,,6.503046736,5.499875507
10/5/2015,5273536.546,393624405.2,,269785.4511,28336.9085,,5.431018525,4.452352468
10/8/2015,2262229.627,395481172.9,,1350327.623,141339.9143,,6.130439152,5.150264824
10/9/2015,9064686.509,397337940.5,,3524509.137,369001.9397,,6.547098641,5.567028649
10/10/2015,3789511.418,399194708.1,,816415.3017,85683.9119,,5.911911136,4.932899286
10/11/2015,2278473.232,401051475.8,,1090409.848,114580.8748,,6.037589765,5.059112134
10/12/2015,8373839.439,402908243.4,,5252360.502,550793.9262,,6.720354527,5.740989142
10/13/2015,1524276.563,404765011.1,,1687566.215,177676.5123,,6.227260822,5.249630021
10/15/2015,6118185.555,406621778.7,,281985.9979,29677.3221,,5.450227544,4.47242471
10/16/2015,766326.7754,408478546.3,,1976152.937,208360.1354,,6.295820552,5.318814631
10/17/2015,766404.6554,410335314,,3682276.352,386847.3838,,6.566116379,5.587539664
10/18/2015,3833249.155,412192081.6,,1134779.934,119123.989,,6.054911648,5.075999228
10/19/2015,4607160.556,414048849.2,,568634.9658,59639.4296,,5.754833561,4.775533481
10/20/2015,3846443.103,415905616.9,,1138106.512,119406.3344,,6.056182908,5.077027366
10/22/2015,1539296.955,417762384.5,,570091.6458,59827.4696,,5.755944677,4.776900635
10/23/2015,11564209.74,419619152.2,,570369.9498,59903.9532,,5.756156636,4.777455483
10/24/2015,3861538.511,421475919.8,,856312.3007,90113.6517,,5.932632183,4.954790589
10/25/2015,4640360.262,423332687.4,,2866936.145,301402.0934,,6.45741802,5.479146264
10/26/2015,6197195.157,425189455.1,,2596515.292,272905.791,,6.414390885,5.436012751
10/28/2015,3102504.438,427046222.7,,866890.2547,91018.7121,,5.937964121,4.959130686
10/29/2015,1551621.939,428902990.3,,3196817.184,337870.3201,,6.504717801,5.528750043
10/30/2015,5437873.874,430759758,,2933002.015,313539.4414,,6.467312361,5.49629218
10/31/2015,13243732.78,432616525.6,,887589.9867,95569.5924,,5.948212394,4.980319734
11/1/2015,9390718.979,434473293.3,,592068.2038,63808.1056,,5.772371739,4.804875851
11/2/2015,8660498.283,436330060.9,,888649.8647,95752.4064,,5.948730679,4.981149697
11/3/2015,3957434.453,438186828.5,,2687036.992,291138.8256,,6.429273645,5.464100126
11/5/2015,6346684.591,440043596.2,,2097177.722,228050.0324,,6.321635236,5.358030138
11/6/2015,1587058.2,441900363.8,,2408549.653,260482.1905,,6.381755604,5.415778035
11/7/2015,11132967.29,443757131.4,,1813917.395,195222.1878,,6.258617506,5.290529175
11/8/2015,21587136.77,445613899.1,,606105.4578,65238.5008,,5.782548195,4.814503972
11/9/2015,10549459.22,447470666.7,,909464.5647,97910.2968,,5.958785782,4.990828367
11/10/2015,6524344.253,449327434.4,,909766.0107,97976.034,,5.958929707,4.991119856
11/11/2015,1634877.631,451184202,,607067.9218,65349.699,,5.783237285,4.815243592
11/12/2015,8998654.926,453040969.6,,607484.5698,65399.3864,,5.783535251,4.815573674
11/13/2015,17225519.81,454897737.3,,1826878.803,196324.0216,,6.261709737,5.292973442
11/14/2015,10702169.75,456754504.9,,924064.2247,99448.8425,,5.965702157,4.997599733
11/15/2015,6601092.719,458611272.6,,5883136.549,633486.0165,,6.769608929,5.801737033
11/16/2015,9936426.851,460468040.2,,6338586.49,670534.4153,,6.801992421,5.826421073
11/17/2015,9142648.254,462324807.8,,3512107.57,372722.1249,,6.545567809,5.571385173
11/19/2015,3335106.862,464181575.5,,4508044.894,477678.0804,,6.653988232,5.679135313
11/20/2015,20898346.39,466038343.1,,4923107.677,541351.6098,,6.692239335,5.733479433
11/21/2015,17625685.97,467895110.7,,2645112.359,290897.3354,,6.422444125,5.463739743
11/22/2015,11777704.13,469751878.4,,331509.2859,36370.0444,,5.520495698,4.560743831
11/23/2015,8439328.21,471608646,,4654542.411,510239.7389,,6.667876992,5.70777428
11/24/2015,8455195.534,473465413.7,,333292.0039,36550.5489,,5.522824895,4.562893903
11/25/2015,846205.0934,475322181.3,,2341090.553,256679.4693,,6.369418213,5.409391133
11/26/2015,5080105.384,477178948.9,,4029900.007,443248.4613,,6.60529427,5.646647237
11/27/2015,14437058.37,479035716.6,,8869019.859,944106.7841,,6.947875627,5.975021118
11/28/2015,11075395.49,480892484.2,,3802248.897,404878.6403,,6.580040543,5.607324866
11/29/2015,8545802.729,482749251.8,,2775695.617,296888.6072,,6.44337184,5.472593532
11/30/2015,12843779.56,484606019.5,,2784529.105,298933.0507,,6.444751762,5.475573934
12/1/2015,12047386.33,486462787.1,,3494825.928,376413.2014,,6.543425549,5.575664846
12/3/2015,10386184.86,488319554.8,,4622482.043,505979.7845,,6.664875233,5.704133166
12/4/2015,13906023.89,490176322.4,,7261168.954,786235.9886,,6.861006542,5.895552919
12/5/2015,10464319.16,492033090,,4811429.928,528372.0392,,6.682274165,5.722939827
12/6/2015,21004376.12,493889857.7,,1492239.254,165830.7736,,6.17383846,5.219665127
12/7/2015,7911986.09,495746625.3,,3367387.445,376411.946,,6.527293088,5.575663398
12/8/2015,5291238.773,497603393,,3002338.877,337817.3488,,6.47745971,5.528681949
12/9/2015,882514.9289,499460160.6,,4520099.657,507525.8412,,6.65514801,5.70545816
12/10/2015,17687797.17,501316928.2,,7217036.263,801660.0549,,6.858358888,5.903990244
12/11/2015,15955680.16,503173695.9,,6153037.399,675671.2047,,6.789089555,5.829735411
12/12/2015,12430450.4,505030463.5,,5435718.45,590764.7092,,6.735256954,5.771414544
12/13/2015,8003270.848,506887231.1,,777628.8392,84537.4738,,5.890772358,4.927049266
12/14/2015,10681167.44,508743998.8,,5067013.861,550858.5421,,6.704752092,5.741040088
12/15/2015,8040523.48,510600766.4,,1957865.314,211788.7487,,6.291782812,5.325902884
12/16/2015,896016.5229,512457534.1,,1567844.244,169717.8964,,6.195302916,5.22972764
12/17/2015,10766853.57,514314301.7,,4754130.163,518509.282,,6.677071068,5.714756535
12/18/2015,6291444.632,516171069.3,,5585633.364,606111.2969,,6.747072426,5.782552379
12/19/2015,12630477.76,518027837,,799905.0312,87089.6712,,5.903038428,4.939966651
12/20/2015,9962823.998,519884604.6,,400095.4556,43613.4468,,5.602163619,4.639620411
12/21/2015,9991256.926,521741372.2,,6436272.534,702730.0879,,6.808634425,5.846788549
12/22/2015,2728609.67,523598139.9,,4441497.13,482225.7998,,6.647529386,5.683250442
12/23/2015,910023.8159,525454907.5,,1621271.902,176500.1472,,6.209855856,5.246745072
12/24/2015,17319428.8,527311675.2,,5277686.231,575376.0029,,6.722443567,5.759951745
12/25/2015,14711270.67,529168442.8,,3256857.017,355028.7091,,6.512798692,5.550263473
12/26/2015,3687859.72,531025210.4,,2042621.67,222619.2586,,6.310187935,5.347562732
12/27/2015,20346545.87,532881978.1,,3717910.802,401573.4608,,6.570298966,5.603765003
12/28/2015,1854980.15,534738745.7,,2483468.379,267113.3206,,6.395058635,5.426695546
12/29/2015,927508.8431,536595513.3,,3742802.605,404977.4122,,6.573196923,5.607430801
12/30/2015,4646663.015,538452281,,2111951.881,233405.8239,,6.324684019,5.368111688
12/31/2015,10248123.93,540309048.6,,6378712.255,701989.1351,,6.804733011,5.84633039
Grand Total,1465346461,,,854688.4862,94022.6774,,5.931807853,4.973232614
,,,,5152136.211,566581.2986,,6.711987336,5.753262235
,,,,10450783.89,1162176.498,,7.019148867,6.065272089
,,,,1758058.02,196375.8168,,6.245033204,5.293088004
,,,,2640357.439,295045.4455,,6.421662724,5.469888915
,,,,3968871.97,444123.3711,,6.598667089,5.647503628
,,,,4866758.552,544532.6176,,6.687239801,5.736023899
,,,,6672412.767,744474.6891,,6.824282905,5.871849937
,,,,7144518.74,796216.1682,,6.85397298,5.901030992
,,,,2704844.017,298840.782,,6.432142225,5.475439864
,,,,7252471.696,805775.5615,,6.860486043,5.906214091
,,,,5918615.043,653750.9784,,6.772220094,5.815412352
,,,,6431692.609,709634.9612,,6.80832528,5.851035004
,,,,3703201.243,404830.369,,6.568577314,5.607273084
,,,,1856767.638,200791.4536,,6.268757558,5.302745224
,,,,1396297.047,149829.4788,,6.14497782,5.175597269
,,,,2794450.182,300122.8744,,6.446296372,5.477299097
,,,,931799.2734,100134.0454,,5.969322367,5.000581762
,,,,1864655.093,200649.0125,,6.270598512,5.302437027
,,,,467282.7797,49824.1193,,5.669579777,4.697439631
,,,,2807687.364,299496.6038,,6.448348747,5.476391902
,,,,1874001.927,199950.5314,,6.272770033,5.300922563
,,,,1407145.567,149219.5299,,6.148339027,5.173825667
,,,,938624.2914,99459.4838,,5.972491789,4.997646201
,,,,938896.2954,99485.692,,5.972617625,4.997760625
,,,,469468.5777,49748.4137,,5.67160653,4.696779237
,,,,469651.2977,49832.4649,,5.671775527,4.69751237
,,,,1883743.723,198736.5872,,6.275021818,5.298277828
,,,,477522.1937,47778.5093,,5.678993561,4.679232596
,,,,1434984.189,143730.2436,,6.156847116,5.157548162
,,,,1439230.021,144311.9714,,6.158130209,5.159302359
,,,,2880442.846,289304.8158,,6.459459262,5.461355663
,,,,4337127.365,436866.1386,,6.637202176,5.640348384
,,,,966052.2074,97338.4278,,5.985000597,4.988284327
,,,,1932608.263,194599.7836,,6.286143832,5.289142353
,,,,2417082.907,243396.8171,,6.383291547,5.386314895
,,,,484024.4677,48763.3161,,5.684867316,4.688093232
,,,,3391183.434,340978.368,,6.530351282,5.532726828
,,,,3889025.318,393412.737,,6.58984077,5.594848416
,,,,1460389.459,148159.8931,,6.16446869,5.170730656
,,,,1460787.103,148328.2475,,6.164586926,5.171223866
,,,,974292.9374,98983.602,,5.988689554,4.995563254
,,,,977219.9474,100375.3302,,5.989992323,5.001626987
,,,,489960.3237,50843.7937,,5.690160913,4.706237948
,,,,979985.3034,101704.841,,5.991219563,5.007341625
,,,,980025.2194,101721.9026,,5.991237252,5.007414475
,,,,2452050.772,254349.764,,6.389529458,5.405431339
,,,,983079.3134,101824.3992,,5.992588557,5.007851856
,,,,3446304.266,356614.1442,,6.537353618,5.552198564
,,,,1482614.827,153392.8817,,6.171028339,5.185805206
,,,,7930562.585,818946.0787,,6.899303997,5.913255308
,,,,994481.5362,102065.3212,,5.997596724,5.008878207
,,,,1992500.29,205379.3345,,6.299398393,5.312556742
,,,,4005257.055,415755.7972,,6.602630394,5.618838314
,,,,1504579.716,156392.4135,,6.177415203,5.194215682
,,,,1003391.252,104300.2,,6.00147031,5.018285141
,,,,2007107.392,208678.6556,,6.30257061,5.31947803
,,,,1507958.568,156934.9432,,6.178389409,5.195719655
,,,,1510942.104,157885.194,,6.179247824,5.198341405
,,,,503901.0841,52741.567,,5.702345293,4.722153029
,,,,5087069.811,550883.2025,,6.706467698,5.74105953
,,,,1022326.448,112513.7344,,6.009589596,5.051205539
,,,,6704373.227,753727.9251,,6.826358183,5.877214606
,,,,4656385.079,525760.6154,,6.668048889,5.72078805
,,,,1558351.185,176733.3469,,6.192665336,5.247318502
,,,,5206241.083,590652.3476,,6.716524275,5.771331934
,,,,3134440.026,355675.0522,,6.496159965,5.551053404
,,,,1569437.176,178177.6531,,6.195743936,5.250853234
,,,,3152154.302,359031.3884,,6.498607469,5.555132419
,,,,527886.3927,60342.0865,,5.722540467,4.780620323
,,,,2640476.804,301930.2017,,6.421682357,5.479906557
,,,,4236512.924,485155.5238,,6.627008536,5.68588098
,,,,1589865.674,182037.6849,,6.201360433,5.260161304
,,,,1591239.134,181978.6581,,6.201735451,5.260020458
,,,,3183659.416,363558.7975,,6.502926601,5.560574658
,,,,4782342.266,546884.8472,,6.679640655,5.73789589
,,,,6939135.007,790677.795,,6.841305337,5.897999542
,,,,3211811.956,364603.1808,,6.50675011,5.561820453
,,,,2680754.86,298173.8252,,6.428257102,5.474469517
,,,,1610313.974,179079.6477,,6.206910562,5.253046231
,,,,1611409.44,179467.1154,,6.207205904,5.253984882
,,,,3764881.887,420290.6842,,6.575751356,5.623549764
,,,,538562.6927,60263.5596,,5.731236266,4.780054781
,,,,8102352.461,904302.1642,,6.908611132,5.95631357
,,,,541790.5787,60227.472,,5.733831449,4.779794634
,,,,7605842.678,847293.0338,,6.881147338,5.928033636
,,,,4382352.428,491959.2419,,6.6417073,5.691929124
,,,,9898559.135,1114009.652,,6.995571982,6.046888954
,,,,1101758.761,123271.532,,6.042086513,5.090862793
,,,,2759449.006,308666.1689,,6.440822373,5.489489032
,,,,2210898.731,248082.8956,,6.34456885,5.394596822
,,,,1106486.477,124263.6644,,6.043946111,5.094344156
,,,,553301.2987,62147.7075,,5.74296169,4.793425113
,,,,3876764.157,435793.0723,,6.588469381,5.639280322
,,,,5557322.224,621515.291,,6.744865579,5.793451818
,,,,2790978.291,313921.7697,,6.445756458,5.496821434
,,,,2799521.251,317390.42,,6.447083769,5.501593814
,,,,563084.2702,65024.0451,,5.750573395,4.813073983
,,,,5079100.077,583392.8688,,6.70578677,5.765961116
,,,,3954638.256,454250.5598,,6.597106763,5.657295471
,,,,1130389.898,129859.7105,,6.053228268,5.11347443
,,,,7366459.896,846046.7201,,6.867258829,5.927394346
,,,,2272084.271,261065.5508,,6.356424435,5.416749568
,,,,1706592.348,195986.9051,,6.232129794,5.292227055
,,,,6270389.525,722326.8193,,6.797294521,5.85873374
,,,,572930.6592,66610.6697,,5.758102063,4.8235438
,,,,1719125.144,199261.5909,,6.235307492,5.299423593
,,,,573277.0692,66436.6083,,5.758364571,4.822407453
,,,,4589382.168,531943.1801,,6.661754224,5.725865245
,,,,1149135.606,133207.382,,6.060371282,5.124528293
,,,,6909795.674,801105.5412,,6.839465205,5.903689736
,,,,1155521.853,133861.9532,,6.062778163,5.126657158
,,,,578042.8787,66957.7758,,5.761960055,4.825801019
,,,,2312465.499,267692.5796,,6.364075262,5.427636333
,,,,578188.2067,66949.352,,5.762069229,4.825746378
,,,,1156709.093,133934.5752,,6.06322415,5.126892705
,,,,1735214.096,200735.1216,,6.239353067,5.302623365
,,,,2323658.639,268745.9911,,6.366172328,5.429341995
,,,,3497387.042,405040.5187,,6.543743697,5.607498471
,,,,1168407.231,135052.3412,,6.067594236,5.130502117
,,,,4683503.708,541515.4627,,6.670570868,5.733610862
,,,,4691012.258,542767.8252,,6.671266568,5.734614095
,,,,5286121.895,611309.8872,,6.723137174,5.78626142
,,,,4708448.352,545481.0373,,6.672877811,5.736779658
,,,,2357564.155,273008.6762,,6.37246352,5.436176449
,,,,10077741.47,1173398.304,,7.003363213,6.069445456
,,,,4167116.998,487880.279,,6.619835694,5.688313264
,,,,3575279.208,419529.649,,6.553309963,5.622762659
,,,,1196684.155,140916.856,,6.077979541,5.148962945
,,,,2393534.303,281836.266,,6.379039656,5.449996876
,,,,5392160.291,631601.4438,,6.731762794,5.800443114
,,,,4199981.668,491894.4095,,6.623247395,5.691871887
,,,,7820371.638,912724.228,,6.893227392,5.960339579
,,,,3018807.681,351035.9228,,6.479835446,5.545351562
,,,,6045971.491,704874.0135,,6.781466095,5.8481115
,,,,605015.3637,70618.9057,,5.781766403,4.848920984
,,,,3632389.934,423541.9904,,6.560192464,5.626896473
,,,,3641613.766,425936.9382,,6.561293882,5.629345305
,,,,8538367.9,1006244.563,,6.931374864,6.002703547
,,,,3667794.632,433090.3384,,6.564405011,5.636578495
,,,,2448071.739,289538.7628,,6.38882414,5.461706714
,,,,612460.3647,72511.1606,,5.787077989,4.860404856
,,,,1840206.392,216945.7824,,6.264866535,5.336351212
,,,,4305163.978,507624.3454,,6.633989698,5.705542442
,,,,6158367.419,726668.0855,,6.789465596,5.861336087
,,,,4317605.446,509866.7844,,6.635242953,5.70745672
,,,,3711628.432,437261.114,,6.569564493,5.640740857
,,,,2477269.111,291196.0254,,6.393973187,5.464185443
,,,,8069895.512,945753.6872,,6.906867912,5.975778043
,,,,3108420.569,364607.4903,,6.492539774,5.561825586
,,,,1869476.171,219830.37,,6.271719934,5.342087691
,,,,4362704.454,513004.9201,,6.639755793,5.71012153
,,,,4368427.026,514261.5339,,6.640325085,5.711184041
,,,,624701.6937,73574.2349,,5.795672683,4.866725755
,,,,8757025.768,1034205.327,,6.942356628,6.01460677
,,,,1252624.267,147990.583,,6.097820821,5.170234081
,,,,6898681.805,814380.9196,,6.838766114,5.91082759
,,,,5035211.918,594669.892,,6.702017753,5.774275951
,,,,3159568.16,373263.9989,,6.499627729,5.572016104
,,,,2531597.511,298445.0608,,6.40339466,5.474864396
,,,,4449730.293,521625.9711,,6.648333688,5.717359206
,,,,2546505.267,298760.1044,,6.405944579,5.475322603
,,,,3186403.448,374444.8982,,6.503300763,5.573387918
,,,,637372.6957,74912.1773,,5.804393455,4.87455242
,,,,6386194.677,750824.1188,,6.805242153,5.875538215
,,,,1920672.563,225232.2813,,6.283453333,5.352630636
,,,,2562235.353,300767.3838,,6.408619019,5.478230738
,,,,5134153.066,602717.8585,,6.710468812,5.78011406
,,,,4507104.019,527495.9113,,6.653897581,5.722219098
,,,,644194.3047,75399.9664,,5.809016881,4.877371152
,,,,3222354.518,377534.5842,,6.508173319,5.576956741
,,,,3239692.222,380621.6433,,6.510503753,5.58049348
,,,,1297718.953,152122.4262,,6.113180648,5.182193243
,,,,4550705.979,532209.409,,6.658078777,5.726082548
,,,,2602830.327,303708.9602,,6.415445858,5.482457605
,,,,3254404.921,379579.6333,,6.512471588,5.579302902
,,,,5212830.231,607394.8696,,6.717073581,5.783471119
,,,,4567607.141,533248.5826,,6.659688743,5.72692971
,,,,11147910.89,1308323.675,,7.047193488,6.1167152
,,,,4608275.231,542409.7106,,6.66353841,5.734327456
,,,,1976574.784,232660.0487,,6.295913251,5.366721815
,,,,3955500.295,465655.8521,,6.597201421,5.668065065
,,,,1979871.452,233159.0952,,6.296636993,5.367652361
,,,,8613311.603,1013120.512,,6.935170159,6.005661108
,,,,3317851.858,388821.8976,,6.520856991,5.589750715
,,,,10647111.98,1244591.147,,7.027231822,6.095026707
,,,,1333370.396,155233.4372,,6.124950808,5.190985274
,,,,7339964.969,855656.5092,,6.865693987,5.932299458
,,,,9417439.387,1102165.318,,6.973932834,6.042246741
,,,,3376156.103,397322.0847,,6.528422519,5.599142705
,,,,3379254.059,397944.1134,,6.528820844,5.599822085
,,,,6807141.809,808237.4488,,6.832964798,5.907538969
,,,,1365179.088,162150.808,,6.135189627,5.209919117
,,,,4790402.901,569562.2792,,6.680372042,5.755541219
,,,,4804583.314,573183.1151,,6.681655729,5.758293388
,,,,9643185.271,1152108.311,,6.984220511,6.061493309
,,,,4832505.054,578711.5399,,6.684172317,5.762462143
,,,,6221666.739,743885.0121,,6.793906745,5.871505809
,,,,6920312.127,828208.1458,,6.840125683,5.918139498
,,,,9718829.449,1161258.115,,6.987613961,6.064928762
,,,,2086458.633,248804.4765,,6.319409779,5.39585819
,,,,6266039.484,747914.8943,,6.796993127,5.873852182
,,,,9075090.68,1085292.484,,6.957850973,6.035546795
,,,,6295403.798,753983.6602,,6.799023592,5.877361934
,,,,9825299.833,1179860.145,,6.992345812,6.071830531
,,,,4936735.128,594471.5596,,6.693439827,5.774131082
,,,,9900393.157,1195804.509,,6.995652441,6.077660187
,,,,708875.2529,85792.3846,,5.850569815,4.933448739
,,,,16428401.65,1936554.405,,7.215595312,6.287029703
,,,,10112949.87,1190313.431,,7.004877855,6.075661334
,,,,4347660.093,512876.1916,,6.638255583,5.710012539
,,,,5080985.248,595538.2124,,6.705947934,5.774909633
,,,,14605240.62,1706208.202,,7.164508716,6.232032025
,,,,8079860.258,946015.5942,,6.90740385,5.975898295
,,,,14032486.15,1650491.908,,7.147134622,6.217613399
,,,,15580054.11,1844590.801,,7.192568962,6.265900038
,,,,14897154.06,1768442.942,,7.173103309,6.247591052
,,,,7470124.281,888682.8218,,6.873327827,5.948746785
,,,,8242134.372,985232.2025,,6.916039691,5.993538598
,,,,4502352.669,538920.498,,6.65343951,5.731524702
,,,,11276485.15,1351302.385,,7.052173752,6.130752543
,,,,4514382.207,540839.9638,,6.654598326,5.733068775
,,,,3011992.932,360818.2416,,6.478853948,5.557288486
,,,,5273536.546,631459.585,,6.72210196,5.80034556
,,,,2262229.627,270699.4997,,6.354536686,5.432487453
,,,,9064686.509,1087176.544,,6.957352789,6.036300074
,,,,3789511.418,452405.1092,,6.57858322,5.655527501
,,,,2278473.232,270037.7535,,6.357643931,5.431424486
,,,,8373839.439,992582.8119,,6.922924629,5.99676675
,,,,1524276.563,180779.5412,,6.183063772,5.25714928
,,,,6118185.555,721822.1903,,6.786622644,5.858430229
,,,,766326.7754,90311.0544,,5.884414,4.955740913
,,,,766404.6554,90314.9484,,5.884458134,4.955759638
,,,,3833249.155,450913.3926,,6.583567049,5.654093134
,,,,4607160.556,542897.856,,6.663433347,5.734718127
,,,,3846443.103,454531.3246,,6.585059313,5.657563819
,,,,1539296.955,181882.1476,,6.18732241,5.259790074
,,,,11564209.74,1366640.653,,7.06311596,6.135654335
,,,,3861538.511,456142.3999,,6.58676037,5.659100443
,,,,4640360.262,547269.8614,,6.666551699,5.738201532
,,,,6197195.157,730302.9326,,6.792195173,5.863503045
,,,,3102504.438,364842.664,,6.491712411,5.562105618
,,,,1551621.939,182590.18,,6.190785912,5.261477417
,,,,5437873.874,641010.6332,,6.73542913,5.806865234
,,,,13243732.78,1567172.744,,7.122010409,6.19511687
,,,,9390718.979,1115664.808,,6.972698844,6.047533734
,,,,8660498.283,1031732.116,,6.93754288,6.01356695
,,,,3957434.453,471992.9938,,6.59741373,5.673935552
,,,,6346684.591,757274.6154,,6.802546916,5.879253399
,,,,1587058.2,189390.9404,,6.200592853,5.2773592
,,,,11132967.29,1319052.539,,7.046610933,6.120262094
,,,,21587136.77,2558182.425,,7.334195043,6.407931511
,,,,10549459.22,1282558.226,,7.023230198,6.10807709
,,,,6524344.253,798274.242,,6.814536868,5.902152116
,,,,1634877.631,200511.3212,,6.213485252,5.302138899
,,,,8998654.926,1102838.836,,6.954177598,6.042512051
,,,,17225519.81,2109994.393,,7.236172336,6.324281301
,,,,10702169.75,1310790.336,,7.029471835,6.117533231
,,,,6601092.719,808818.8067,,6.819615833,5.907851241
,,,,9936426.851,1220002.755,,6.99723024,6.086360811
,,,,9142648.254,1123104.578,,6.961072011,6.050420197
,,,,3335106.862,410555.3184,,6.523109754,5.613371682
,,,,20898346.39,2570845.814,,7.320111923,6.410076031
,,,,17625685.97,2155654.437,,7.246146028,6.333579142
,,,,11777704.13,1431731.338,,7.07106064,6.155861531
,,,,8439328.21,1029847.643,,6.926307877,6.01277298
,,,,8455195.534,1035017.71,,6.927123656,6.014947781
,,,,846205.0934,103677.814,,5.927475635,5.015685832
,,,,5080105.384,622986.6778,,6.705872722,5.79447876
,,,,14437058.37,1769483.982,,7.159478712,6.247846636
,,,,11075395.49,1355205.239,,7.044359243,6.132005072
,,,,8545802.729,1048017.424,,6.931752863,6.020368503
,,,,12843779.56,1573472.58,,7.108692843,6.196859179
,,,,12047386.33,1476271.126,,7.080892837,6.169166126
,,,,10386184.86,1268750.082,,7.016456048,6.103376083
,,,,13906023.89,1693643.637,,7.143202971,6.228822035
,,,,10464319.16,1269511.961,,7.019710977,6.103636797
,,,,21004376.12,2549176.23,,7.322309786,6.40639986
,,,,7911986.09,962926.3056,,6.898285515,5.983593051
,,,,5291238.773,644874.2758,,6.72355736,5.809475053
,,,,882514.9289,107557.9917,,5.945722061,5.031642685
,,,,17687797.17,2161236.647,,7.247673749,6.334702323
,,,,15955680.16,1949022.552,,7.202915322,6.289816864
,,,,12430450.4,1517474.704,,7.094486865,6.18112146
,,,,8003270.848,978665.6838,,6.903267515,5.99063436
,,,,10681167.44,1306670.411,,7.028618723,6.116166057
,,,,8040523.48,976182.3403,,6.905284325,5.989530947
,,,,896016.5229,107426.1469,,5.952316018,5.031109999
,,,,10766853.57,1291641.878,,7.032088807,6.111142117
,,,,6291444.632,753517.7348,,6.798750379,5.877093478
,,,,12630477.76,1518751.676,,7.101419779,6.18148677
,,,,9962823.998,1197955.814,,6.998382458,6.0784408
,,,,9991256.926,1203664.66,,6.999620127,6.08050551
,,,,2728609.67,328869.8074,,6.435941414,5.517024004
,,,,910023.8159,109680.1814,,5.959052758,5.04012816
,,,,17319428.8,2074905.726,,7.238533565,6.316998369
,,,,14711270.67,1781905.967,,7.167650186,6.250884782
,,,,3687859.72,447916.8828,,6.566774393,5.651197432
,,,,20346545.87,2465741.934,,7.308490692,6.391947621
,,,,1854980.15,224179.8976,,6.268339267,5.350596666
,,,,927508.8431,112090.7879,,5.967318059,5.049569922
,,,,4646663.015,561808.9099,,6.667141178,5.749588623
,,,,10248123.93,1241469.69,,7.010644369,6.093936121
,,,,1864862.914,226183.5676,,6.270646912,5.35446105
,,,,5600524.703,679619.9714,,6.748228717,5.832266133
,,,,2806923.659,340816.6987,,6.448230601,5.532520865
,,,,2807781.587,340785.3495,,6.448363322,5.532480916
,,,,2808081.015,340813.5315,,6.448409633,5.532516829
,,,,4688809.985,570218.3372,,6.671062633,5.756041179
,,,,2815554.279,342812.3223,,6.449563904,5.535056424
,,,,2816367.113,343099.022,,6.449689264,5.53541948
,,,,3755654.036,457576.327,,6.574685579,5.660463548
,,,,1878451.662,228898.498,,6.273800024,5.359642943
,,,,7518387.39,916591.1978,,6.876124699,5.962175682
,,,,1880285.15,229342.5393,,6.274223716,5.360484617
,,,,3763191.71,459171.7948,,6.575556343,5.661975203
,,,,1883777.444,229771.3438,,6.275029592,5.361295864
,,,,10372774.62,1264077.575,,7.015894942,6.101773727
,,,,3775372.654,460416.3768,,6.576959826,5.663150763
,,,,945076.7561,115436.9254,,5.975467082,5.062344751
,,,,5672240.083,692454.7327,,6.753754604,5.840391388
,,,,945975.1481,115381.388,,5.975879727,5.062135759
,,,,9471688.889,1154566.164,,6.976427425,6.062418826
,,,,5698235.465,692157.9338,,6.755740391,5.840205201
,,,,1901586.456,231767.2996,,6.279116076,5.365052161
,,,,4790039.904,590760.3542,,6.680339131,5.771411342
,,,,960709.1721,118886.8944,,5.982591937,5.075133982
,,,,2882444.6,356723.3072,,6.459760969,5.552331486
,,,,14434587.91,1790308.008,,7.15940439,6.252927754
,,,,964033.7401,119621.187,,5.984092234,5.077808108
,,,,3857243.114,478639.7973,,6.586277012,5.680008806
,,,,1932089.216,239644.6136,,6.286027177,5.379567672
,,,,1932542.516,239734.9382,,6.286129057,5.379731331
,,,,966357.1181,119873.7439,,5.98513765,5.078724069
,,,,1935430.396,240106.0014,,6.286777557,5.380403015
,,,,967869.9781,120130.1519,,5.985817019,5.079652026
,,,,4841342.253,600606.2314,,6.684965786,5.778589834
,,,,1938221.222,240573.5984,,6.287403344,5.381247964
,,,,8726563.716,1081023.505,,6.940843264,6.033835137
,,,,4852595.415,601258.9369,,6.685974084,5.779061545
,,,,970659.7651,120291.5899,,5.987067028,5.080235265
,,,,10685459.35,1324182.388,,7.028793196,6.121947807
,,,,3892117.854,482748.8581,,6.590185982,5.683721255
,,,,973224.6371,120734.1063,,5.988213095,5.081829972
,,,,973271.3571,120751.6263,,5.988233942,5.081892989
,,,,2920456.543,362453.4829,,6.465450748,5.559252277
,,,,973551.7291,120840.9499,,5.988359032,5.08221413
,,,,973662.8331,120849.2827,,5.988408592,5.082244077
,,,,4883651.249,608102.0191,,6.688744643,5.783976445
,,,,14748152.06,1849077.284,,7.168737607,6.266955063
,,,,3949367.224,491148.1432,,6.596527518,5.691212507
,,,,1975368.718,245826.4254,,6.295648172,5.390628566
,,,,6917691.594,859291.7602,,6.839961196,5.934140647
,,,,988523.2301,122525.2316,,5.99498688,5.088225532
,,,,12873447.75,1594292.072,,7.109694875,6.202567886
,,,,4955766.17,614468.8252,,6.695110807,5.788499854
,,,,6964535.515,862835.9422,,6.842892157,5.935928228
,,,,5997939.185,742586.6424,,6.778002058,5.870747133
,,,,7006799.247,867564.5688,,6.845519675,5.938301807
,,,,20129151.46,2482593.765,,7.303825468,6.39490566
,,,,7077708.589,864408.0669,,6.849892677,5.936718811
,,,,7089364.599,865120.6127,,6.850607312,5.93707666
,,,,7102745.247,867148.6006,,6.851426238,5.938093528
,,,,2033398.424,248424.57,,6.308222483,5.395194547
,,,,4068946.29,496642.0588,,6.609481957,5.696043496
,,,,7123276.772,869237.2119,,6.852679819,5.93913831
,,,,5093380.339,621545.1441,,6.707006108,5.793472678
,,,,2037980.666,248671.7188,,6.30920006,5.395626396
,,,,4078598.816,497023.9128,,6.610510989,5.696377284
,,,,2042274.522,248785.4864,,6.310114119,5.395825041
,,,,5108817.663,622092.856,,6.708320403,5.793855214
,,,,3065720.901,373330.9281,,6.486532615,5.57209397
,,,,3066101.921,373402.2335,,6.486586587,5.572176911
,,,,9214225.426,1120763.428,,6.964458833,6.049513951
,,,,1024737.946,124466.2214,,6.010612818,5.095051505
,,,,3075448.148,373273.2207,,6.487908409,5.572026834
,,,,17448625.19,2119609.007,,7.241761214,6.326255756
,,,,1028995.088,125325.2957,,6.012413302,5.098038738
,,,,4117123.288,501287.276,,6.614593872,5.700086681
,,,,6180411.653,753266.3291,,6.791017403,5.876948555
,,,,3092701.292,376768.1386,,6.490337976,5.57607417
,,,,1032747.564,125807.8082,,6.013994179,5.099707596
,,,,6207211.151,757896.0126,,6.792896519,5.879609622
,,,,18652520.82,2258844.719,,7.270737533,6.353886377
,,,,4152760.501,499160.917,,6.618336885,5.698240574
,,,,8313667.517,999279.06,,6.919792652,5.999686787
,,,,11448298.34,1375792.808,,7.058740938,6.138553035
,,,,1041238.983,125050.4954,,6.017550419,5.097085417
,,,,5212164.447,625913.4992,,6.71701811,5.796514318
,,,,8352544.469,1001567.869,,6.921818796,6.000680384
,,,,7369472.162,891341.3835,,6.867436383,5.950044071
,,,,5272152.209,638731.4933,,6.72198794,5.80531833
,,,,9504073.799,1149657.893,,6.9779098,6.060568625
,,,,15871215.75,1917648.873,,7.200610195,6.28276909
,,,,6352698.641,766521.603,,6.802958254,5.884524399
,,,,10603013.82,1269818.446,,7.025429328,6.103741631
,,,,8489072.613,1016587.672,,6.928860248,6.007144839
,,,,5310759.205,636405.3301,,6.725156611,5.803733808
,,,,3189165.147,382020.6523,,6.503677009,5.582086842
,,,,1063499.867,127396.1095,,6.02673744,5.105156165
,,,,5319611.959,637214.3916,,6.725879954,5.804285576
,,,,3192139.857,382282.6152,,6.504081911,5.582384548
,,,,6387040.255,764108.3614,,6.805299653,5.883154952
,,,,12782095.88,1528455.418,,7.106602071,6.184252776
,,,,9595859.288,1145763.408,,6.982083871,6.059094948
,,,,12815233.64,1527500.382,,7.107726528,6.183981328
,,,,7487678.695,893109.2971,,6.8743472,5.95090461
,,,,6433659.891,769753.2349,,6.808458099,5.886351523
,,,,7530150.339,903420.5787,,6.876803647,5.955889979
,,,,12918806.42,1549654.321,,7.111222391,6.190234832
,,,,3233256.13,387065.3612,,6.50964011,5.587784308
,,,,1078010.734,128984.7366,,6.032623085,5.110538321
,,,,7549105.197,903954.5997,,6.877895477,5.956146619
,,,,9712421.025,1164237.789,,6.9873275,6.066041692
,,,,6479949.541,777946.102,,6.811571624,5.890949509
,,,,4322993.476,518742.7418,,6.63578458,5.714952033
,,,,9729998.041,1167414.46,,6.988112753,6.067225068
,,,,2162750.172,259509.0688,,6.335006355,5.414152539
,,,,9744126.333,1170269.653,,6.988742906,6.068285943
,,,,5424275.919,652026.3992,,6.734341773,5.81426518
,,,,7611454.474,914131.7683,,6.881467654,5.961008802
,,,,8714815.375,1047523.399,,6.940258191,6.020163733
,,,,7675613.46,922961.0582,,6.885113096,5.965183378
,,,,3302157.463,397245.843,,6.518797779,5.599059361
,,,,3303763.625,397533.897,,6.519008967,5.599374166
,,,,19853443.14,2386538.451,,7.297835836,6.377768436
,,,,7758267.5,934944.2216,,6.88976475,5.970785702
,,,,11105486.35,1338503.347,,7.045537583,6.126619462
,,,,5562697.502,671314.4601,,6.745285444,5.826926002
,,,,27943244.86,3382936.112,,7.446276836,6.529293796
,,,,6725339.985,816216.5498,,6.827714244,5.911805396
,,,,4484930.104,544436.0452,,6.651755679,5.735946871
,,,,1121345.407,136123.0144,,6.049739409,5.133931558
,,,,13467644.31,1630785.639,,7.129291638,6.212396878
,,,,8992865.581,1089248.598,,6.953898102,6.037127009
,,,,19158748.57,2325629.167,,7.282367138,6.366540466
,,,,4521555.308,549130.7228,,6.655287848,5.739675742
,,,,4525333.16,549344.5514,,6.655650558,5.739844821
,,,,4532530.64,549291.632,,6.656340749,5.739802983
,,,,9071250.791,1098830.994,,6.957667174,6.040930901
,,,,25009589.96,3031911.58,,7.398106571,6.481716532
,,,,3415464.691,413721.1847,,6.5334498,5.61670776
,,,,11398295.9,1379733.063,,7.056839927,6.139795072
,,,,1142147.496,138298.6345,,6.057722192,5.140817892
,,,,3426773.938,414962.134,,6.534885455,5.618008468
,,,,20583668.04,2493539.639,,7.313522769,6.396816277
,,,,4581973.616,554598.8324,,6.661052584,5.743978951
,,,,1145854.749,138724.402,,6.059129569,5.142152861
,,,,19489837.57,2359561.98,,7.28980822,6.37283139
,,,,4589749.832,555656.0836,,6.661789015,5.744806074
,,,,12638148.9,1530173.858,,7.101683468,6.184740778
,,,,6917169.373,837672.4464,,6.83992841,5.92307423
,,,,6936810.537,839392.1552,,6.841159833,5.923964906
,,,,18520596.69,2241763.112,,7.267654974,6.350589719
,,,,3476174.243,420899.4554,,6.541101537,5.624178364
,,,,9276569.465,1123148.318,,6.967387401,6.050437111
,,,,1160108.059,140551.1269,,6.064498444,5.147834332
,,,,3483015.927,422264.6455,,6.54195546,5.625584721
,,,,9300109.439,1129469.605,,6.968488059,6.052874548
,,,,4654643.708,565690.9586,,6.667886443,5.752579237
,,,,4657434.044,566197.3486,,6.668146713,5.752967831
,,,,8161093.299,993131.6935,,6.911748343,5.997006842
,,,,17529987.5,2137894.935,,7.243781606,6.329986358
,,,,12891329.59,1574503.901,,7.110297712,6.197143741
,,,,2346893.122,286604.223,,6.370493312,5.457282585
,,,,5869976.428,716080.9603,,6.768636357,5.854962127
,,,,1174520.856,142946.6699,,6.069860733,5.155174042
,,,,21163098.77,2575846.468,,7.325579259,6.410919973
,,,,3530711.728,430009.9642,,6.54786226,5.633478519
,,,,14131852.03,1719363.637,,7.150199081,6.235367738
,,,,20049284.66,2443433.31,,7.302098882,6.38800049
,,,,14187002.2,1727830.237,,7.151890636,6.23750107
,,,,9470099.211,1154217.583,,6.976354529,6.062287686
,,,,1184664.328,144570.5461,,6.073595311,5.160079822
,,,,10665080.62,1301550.439,,7.027964143,6.114461003
,,,,14238015.55,1739227.588,,7.153449463,6.240356416
,,,,11873916.21,1449651.86,,7.07459398,6.161263717
,,,,2375936.844,289990.269,,6.375834892,5.462383425
,,,,22634907.28,2766170.743,,7.35477872,6.441878984
,,,,9559197.307,1164983.537,,6.980421426,6.066319788
,,,,4785618.23,579192.173,,6.67993805,5.762822684
,,,,4789965.84,579419.6348,,6.680332416,5.762993208
,,,,5998469.588,726229.755,,6.778040461,5.861074039
,,,,4806200.896,581468.0396,,6.68180192,5.764525849
,,,,3606631.948,436314.4806,,6.557101825,5.639799627
,,,,2404990.768,291004.8976,,6.381113414,5.463900298
,,,,9622626.243,1164594.032,,6.983293617,6.06617456
,,,,1203273.984,145671.3388,,6.080364527,5.163374112
,,,,3610495.268,437166.631,,6.55756678,5.640647005
,,,,1203774.342,145825.2346,,6.080545082,5.163832684
,,,,8430495.879,1021384.998,,6.92585312,6.009189475
,,,,6026510.11,730275.0948,,6.78006589,5.86348649
,,,,3616911.18,438341.0022,,6.558337844,5.641812096
,,,,8455188.851,1022657.892,,6.927123312,6.009730374
,,,,12100040.59,1461835.975,,7.082786827,6.164898646
,,,,7264554.46,876485.4072,,6.861208984,5.94274469
,,,,12122016.96,1461482.028,,7.083574887,6.164793479
,,,,3639358.016,438785.976,,6.561024781,5.642252739
,,,,1213210.411,146282.0876,,6.083936128,5.16519115
,,,,7281878.574,878415.1967,,6.862243433,5.943699841
,,,,3642138.526,439596.6992,,6.56135646,5.643054423
,,,,1214170.097,146572.3276,,6.084279533,5.166051985
,,,,14596709.36,1757099.659,,7.164254961,6.244796395
,,,,9753872.183,1172988.607,,6.98917706,6.069293794
,,,,19556814.42,2346184.247,,7.291298115,6.370362115
,,,,24530481.51,2944075.394,,7.389706073,6.468948928
,,,,15975333.26,1920248.956,,7.203449927,6.283357538
,,,,7376269.343,886699.9226,,6.867836767,5.947776671
,,,,11068844.28,1329205.56,,7.044102278,6.123592149
,,,,8618346.201,1031596.941,,6.935423936,6.013510046
,,,,1231838.346,147346.5373,,6.090553719,5.168339934
,,,,24719049.41,2974199.831,,7.393031766,6.473370145
,,,,32257248,3887631.146,,7.508627313,6.589685053
,,,,16200655.8,1939242.074,,7.209532595,6.287632025
,,,,22457165.64,2690759.557,,7.351354942,6.429874891
,,,,47636006.4,5735683.945,,7.677935345,6.758585212
,,,,10058283.94,1210031.777,,7.002523891,6.082796776
,,,,26484429.72,3169602.991,,7.422990626,6.501004868
,,,,3787154.191,452911.8284,,6.578312987,5.656013663
,,,,13899135.43,1661589.078,,7.142987787,6.220523629
,,,,21584225.58,2587595.939,,7.334136471,6.412896461
,,,,19079453.33,2291372.534,,7.280565927,6.360095703
,,,,12738272.12,1532539.489,,7.105110522,6.185411674
,,,,3827909.891,461718.6705,,6.582961706,5.664377436
,,,,8943696.613,1081275.159,,6.951517059,6.033936226
,,,,5115694.142,618907.5426,,6.708904571,5.791625775
,,,,17922773.4,2171187.46,,7.253405214,6.336697322
,,,,19249180.33,2330429.006,,7.284412241,6.367435877
,,,,20622263.79,2500219.519,,7.314336338,6.397978141
,,,,12903279.82,1567331.093,,7.110700116,6.195160749
,,,,18077294.72,2197597.216,,7.257133439,6.341948096
,,,,16803195.89,2042910.246,,7.22539189,6.310249287
,,,,15524886.56,1883918.933,,7.191028436,6.275062211
,,,,25937238.35,3133041.461,,7.413923733,6.495966142
,,,,22105428.97,2667054.168,,7.344498947,6.426031836
,,,,6514462.341,781898.1588,,6.813878578,5.89315019
,,,,1303414.695,156469.2253,,6.115082613,5.194428932
,,,,13038698.11,1565839.684,,7.11523423,6.194747295
,,,,2609972.823,313376.5858,,6.416635985,5.496066545
,,,,10446383.95,1253226.099,,7.018965984,6.098029431
,,,,7839261.872,940749.3136,,6.894275172,5.97347391
,,,,9155660.327,1099620.329,,6.961689672,6.04124276
,,,,9189556.181,1113658.403,,6.963294537,6.046751998
,,,,6575986.14,795527.1318,,6.817960889,5.900654996
,,,,6580655.042,794850.0386,,6.818269126,5.9002852
,,,,5266422.325,635872.6362,,6.721515683,5.803370136
,,,,6586076.97,794543.3806,,6.818626802,5.900117614
,,,,9223515.921,1111288.523,,6.964896502,6.045826829
,,,,2635581.621,317364.9676,,6.42087647,5.501558985
,,,,25055278.45,3010237.071,,7.398899234,6.4786007
,,,,13203636.73,1585154.568,,7.120693567,6.200071617
,,,,17206739.62,2074249.703,,7.235698587,6.316861037
,,,,1324553.508,159829.7164,,6.122069507,5.203657529
,,,,7956173.93,962434.1945,,6.900704269,5.983371045
,,,,1327814.774,160955.8064,,6.123137497,5.206706648
,,,,13281641.96,1610205.563,,7.123251768,6.206881323
,,,,27987541.89,3400857.325,,7.446964757,6.531588412
,,,,6684018.041,814374.3467,,6.825037613,5.910824085
,,,,5349296.031,652337.5518,,6.728296633,5.814472379
,,,,8028650.332,979315.2861,,6.904642544,5.990922533
,,,,1339517.7,163488.8362,,6.126948457,5.213488102
,,,,12060538.52,1472669.517,,7.0813667,6.168105297
,,,,22816105.94,2785894.778,,7.358241525,6.444964709
,,,,5373925.759,656005.545,,6.730291662,5.81690751
,,,,5374473.157,656194.1218,,6.730335898,5.817032336
,,,,10764910.99,1314930.45,,7.032010443,6.118902782
,,,,5390878.691,658484.7239,,6.731659559,5.818545704
,,,,32397080.61,3964997.034,,7.510505876,6.598242867
,,,,27069134.71,3309598.277,,7.432474373,6.519775282
,,,,25798056.23,3137210.445,,7.411586985,6.496543652
,,,,9522491.148,1157684.502,,6.978750578,6.063590219
,,,,25881552.9,3147627.431,,7.412990331,6.497983321
,,,,2730119.406,332432.908,,6.436181642,5.521704009
,,,,1365905.643,166503.8339,,6.135420699,5.221424238
,,,,47867812.18,5839996.766,,7.680043578,6.766412607
,,,,26070695.28,3187640.073,,7.416152614,6.503469278
,,,,22038696.05,2691342.606,,7.343185895,6.429968987
,,,,17958624.22,2190599.928,,7.254273063,6.340563069
,,,,22162049.22,2708968.525,,7.345609915,6.432803959
,,,,6937069.077,848948.6121,,6.841176019,5.928881403
,,,,2776771.666,339485.4574,,6.443540169,5.530821175
,,,,5553884.568,679034.5618,,6.744596849,5.83189188
,,,,16686436.36,2040207.982,,7.222363596,6.309674442
,,,,25071689.66,3070829.878,,7.399183603,6.487255757
,,,,30688721.41,3761590.793,,7.486978795,6.575371549
,,,,16764043.29,2055236.929,,7.224378774,6.312861895
,,,,13975195.13,1713623.908,,7.145357881,6.233915513
,,,,4193229.601,514245.5451,,6.622548643,5.711170538
,,,,37810373.25,4641473.026,,7.577610965,6.666655831
,,,,15469364.85,1902827.736,,7.189472482,6.279399473
,,,,22589080.95,2787375.714,,7.353898562,6.445195512
,,,,19836926.28,2448347.651,,7.297474379,6.388873085
,,,,15614397.27,1927488.993,,7.193525225,6.284991907
,,,,2842513.834,350390.8852,,6.453702587,5.5445528
,,,,7108629.395,875404.4771,,6.851785873,5.942208763
,,,,32786417.82,4043168.945,,7.515693969,6.606721889
,,,,24342209.3,3015505.593,,7.386359992,6.479360138
,,,,22996726.64,2853562.935,,7.361666023,6.455387455
,,,,12961381.76,1610277.902,,7.112651302,6.206900833
,,,,23108036.76,2880357.191,,7.36376305,6.459446348
,,,,26062228.7,3257415.481,,7.416011552,6.512873156
,,,,21786659.46,2721449.605,,7.338190645,6.434800297
,,,,24733175.92,3089061.112,,7.393279887,6.4898265
,,,,20413651.79,2554631.538,,7.309920702,6.407328269
,,,,40971578.8,5131656.879,,7.612482699,6.71025761
,,,,19073708.18,2388265.343,,7.280435134,6.378082576
,,,,5873973.204,735749.1606,,6.768931961,5.866729775
,,,,13225440.86,1657366.388,,7.121410158,6.219418527
,,,,10305180.72,1290872.254,,7.013055612,6.110883266
,,,,7364446.928,921521.0806,,6.867140137,5.964505275
,,,,10337256.82,1293021.832,,7.014405306,6.111605858
,,,,31282476.49,3976430.999,,7.495301127,6.599493451
,,,,10450466.33,1326274.293,,7.01913567,6.122633352
,,,,5973207.58,757857.6852,,6.776207608,5.879587659
,,,,11949299.66,1516250.768,,7.077342453,6.180771034
,,,,29945200.06,3807799.352,,7.476327219,6.580674056
,,,,12020414.26,1526836.22,,7.079919435,6.183792454
,,,,28667915.54,3642907.112,,7.457396116,6.561448098
,,,,19689992.33,2502728.795,,7.294245547,6.39841379
,,,,10615587.83,1348154.386,,7.025944048,6.129739629
,,,,18211899.93,2312981.235,,7.260355255,6.364172109
,,,,12145961.93,1542999.543,,7.084431916,6.188365798
,,,,10633298.09,1351106.663,,7.026667989,6.130689636
,,,,15203956.76,1929925.739,,7.181956626,6.285540598
,,,,12176162.1,1541750.122,,7.085510421,6.188013991
,,,,4572896.02,579303.9156,,6.660191326,5.762906464
,,,,1525012.584,193346.3984,,6.183273427,5.286336087
,,,,9169475.727,1164396.168,,6.962344505,6.066100768
,,,,1529301.154,194185.4858,,6.184493016,5.288216766
,,,,1529575.645,193956.7433,,6.18457096,5.287704883
,,,,6119356.48,774819.7136,,6.786705754,5.889200662
,,,,6130997.12,771866.6674,,6.787531112,5.887542287
,,,,27641578.93,3476494.404,,7.441562847,6.541141535
,,,,12303128.2,1548304.602,,7.09001555,6.189856405
,,,,7709930.643,975503.1791,,6.887050471,5.989228689
,,,,13910822.07,1764914.451,,7.143352796,6.246723659
,,,,9282149.165,1177804.74,,6.967648543,6.071073298
,,,,21678017.77,2752713.772,,7.336019568,6.439761056
,,,,9320510.769,1190512.974,,6.969439713,6.075734133
,,,,10880281.13,1389495.663,,7.036640117,6.142857196
,,,,6218608.208,794271.4212,,6.793693196,5.899968936
,,,,9332580.189,1192604.188,,6.97000173,6.07649633
,,,,6232365.708,797660.596,,6.794652929,5.901818139
,,,,6235150.278,798281.0533,,6.794846925,5.902155822
,,,,15594279.5,1997905.129,,7.192965314,6.300574862
,,,,24969867.33,3199261.903,,7.397416235,6.505049794
,,,,14073517.03,1802108.408,,7.148402643,6.255780913
,,,,12517177.1,1603185.211,,7.097506397,6.204983698
,,,,1565186.915,200550.2365,,6.194566209,5.302223178
,,,,6265397.588,801455.69,,6.796948636,5.903879517
,,,,7840817.381,1003884.509,,6.894361339,6.001683753
,,,,9412734.363,1202476.677,,6.973715803,6.080076662
,,,,3138687.176,400879.8494,,6.496748033,5.603014227
,,,,7851190.26,1002739.515,,6.894935502,6.001188129
,,,,10999819.2,1406304.725,,7.041385547,6.148079436
,,,,12580399.67,1608733.369,,7.099694438,6.20648407
,,,,20466595.2,2610512.193,,7.3110456,6.416725726
,,,,4728604.868,602267.8627,,6.674733025,5.77978969
,,,,6310066.168,804564.3109,,6.800033913,5.905560764
,,,,17358708.44,2213013.565,,7.239517409,6.344984076
,,,,1578757.463,201041.4068,,6.198315417,5.303285515
,,,,4736473.47,603200.6224,,6.675455109,5.780461781
,,,,4738208.298,603531.8491,,6.675614149,5.780700193
,,,,4741602.67,603951.9119,,6.675925159,5.78100236
,,,,14244597.93,1814395.033,,7.153650195,6.258731848
,,,,3167231.615,403535.2336,,6.500679824,5.60588146
,,,,17429143.93,2220743.866,,7.241276056,6.346498471
,,,,11101353.16,1415970.381,,7.045375919,6.151054169
,,,,9523234.155,1215200.24,,6.978784463,6.084647847
,,,,14290216.29,1824246.116,,7.155038802,6.26108343
,,,,15888934.59,2031030.799,,7.201094777,6.307716509
,,,,4768241.686,609744.7494,,6.67835826,5.785148069
,,,,6360933.602,813950.2808,,6.803520862,5.910597877
,,,,4772570.834,610908.0407,,6.678752383,5.785975841
,,,,14321643.76,1832772.576,,7.155992867,6.263108578
,,,,11157930.55,1426184.49,,7.047583654,6.154175709
,,,,4783528.558,611300.8773,,6.679748371,5.786255019
,,,,31947009.54,4084060.477,,7.504430211,6.611092165
,,,,1599458.405,204614.8279,,6.203972951,5.310937103
,,,,20809024.54,2660494.865,,7.318251722,6.424962425
,,,,20823436.67,2663512.453,,7.318552406,6.425454732
,,,,16025069.23,2047053.522,,7.204799914,6.311129198
,,,,17646657.43,2251532.118,,7.246662455,6.352478147
,,,,9634129.693,1229547.231,,6.983812488,6.089745216
,,,,19302435.54,2469659.974,,7.285612111,6.392637163
,,,,11270145.45,1442327.666,,7.051929521,6.159063934
,,,,11276809.24,1444098.022,,7.052186234,6.159596673
,,,,19362377.86,2481571.053,,7.286958691,6.394726714
,,,,17781746.53,2280877.673,,7.249974415,6.358101994
,,,,22671419.27,2907740.313,,7.355478709,6.463555618
,,,,12975391.22,1661665.183,,7.113120461,6.22054352
,,,,1622854.672,207777.026,,6.21027963,5.317597526
,,,,9739792.834,1247687.492,,6.98854972,6.096105821
,,,,21135373.17,2713259.719,,7.32500992,6.433491367
,,,,19582991.6,2521700.139,,7.291879038,6.401693442
,,,,8175215.321,1052435.216,,6.9124992,6.022195372
,,,,3270634.097,421137.7222,,6.51463196,5.624424144
,,,,9815792.138,1263911.151,,6.991925353,6.101716546
,,,,3272478.833,421454.2834,,6.514876846,5.624750472
,,,,11462229.52,1472846.074,,7.059269101,6.168157361
,,,,13143184.49,1696803.282,,7.118700604,6.229631495
,,,,19744110.07,2553946.772,,7.295437563,6.407211842
,,,,16465108.91,2131378.952,,7.216564608,6.328660673
,,,,11530873.04,1492848.61,,7.06186219,6.174015768
,,,,3294736.824,426567.3132,,6.51782073,5.629987573
,,,,6593143.775,854012.4732,,6.819092546,5.931464214
,,,,13191987.64,1708704.891,,7.120310236,6.232667062
,,,,9897520.899,1282004.174,,6.995526427,6.107889439
,,,,16503062.66,2136818.309,,7.217564549,6.329767596
,,,,21492479.65,2736785.994,,7.332286524,6.437240839
,,,,21515014.16,2733416.667,,7.332741636,6.436705838
,,,,13253394.72,1681076.821,,7.122327132,6.22558756
,,,,4973388.131,631023.7674,,6.696652354,5.800045717
,,,,24885800.04,3158368.543,,7.395951607,6.499462806
,,,,14939928.5,1895428.616,,7.174348519,6.277707433
,,,,13285383.9,1685004.689,,7.123374109,6.226601114
,,,,4983496.206,632108.5171,,6.697534132,5.800791642
,,,,9969257.291,1264386.35,,6.998662805,6.101879799
,,,,6647962.002,843215.6134,,6.822688528,5.92593864
,,,,3327242.091,421602.9801,,6.522084401,5.624903672
,,,,29961381.67,3792644.464,,7.476561837,6.578942132
,,,,10003169.92,1262655.521,,7.000137646,6.101284882
,,,,8347098.412,1051772.634,,6.921535534,6.021921867
,,,,15034266.96,1893731.558,,7.177082258,6.277318416
,,,,18389519.49,2315189.322,,7.264570382,6.364586511
,,,,10034410.17,1263272.662,,7.001491849,6.101497098
,,,,21763802.98,2736559.395,,7.337734786,6.437204879
,,,,10065626.66,1266607.41,,7.002840818,6.102642024
,,,,8405341.665,1060250.147,,6.924555372,6.025408341
,,,,11777163.4,1486857.664,,7.071040701,6.172269396
,,,,15148303.08,1912521.917,,7.180363986,6.281606421
,,,,21892017.89,2758770.999,,7.340285794,6.440715652
,,,,15175359.62,1915970.944,,7.181138992,6.282388919
,,,,35501005.71,4493846.997,,7.550240656,6.652618282
,,,,13534480.11,1713488.105,,7.131441578,6.233881094
,,,,1692262.175,214173.2753,,6.228467647,5.330765278
,,,,28780651.97,3643628.991,,7.459100628,6.561534149
,,,,33945778.41,4307975.783,,7.530785772,6.634273253
,,,,20405184,2591043.51,,7.309740515,6.413474706
,,,,3405076.956,432203.1345,,6.532126932,5.635687912
,,,,11919672.4,1512508.097,,7.076264319,6.179697708
,,,,8515437.642,1080291.067,,6.930206973,6.033540785
,,,,10222829.09,1297362.716,,7.0095711,6.113061413
,,,,6817016.109,865318.3448,,6.83359432,5.937175911
,,,,18759682.68,2382318.072,,7.273225488,6.376999745
,,,,20487539.73,2602350.685,,7.311489809,6.41536582
,,,,13664996.19,1735265.842,,7.135609515,6.239366018
,,,,15380834.36,1953500.208,,7.186979895,6.290813462
,,,,18825694.1,2393328.002,,7.274750998,6.379002222
,,,,10286448.12,1310345.644,,7.01226544,6.117385869
,,,,29175567.24,3719259.128,,7.465019308,6.570456438
,,,,13740643.7,1750716.441,,7.138007078,6.24321581
,,,,3436361.997,437837.2402,,6.536098908,5.641312698
,,,,3436419.033,437848.8538,,6.536106116,5.641324217
,,,,18912639,2409212.569,,7.276752133,6.38187512
,,,,8604404.049,1095098.734,,6.934720796,6.039453277
,,,,22399546.36,2849214.71,,7.350239223,6.454725178
,,,,24147288.91,3071496.567,,7.382868378,6.487350034
,,,,18992326.56,2417099.536,,7.278578169,6.383294535
,,,,8639319.159,1098735.19,,6.936479518,6.040893034
,,,,27676613.29,3518494.388,,7.442112946,6.546356863
,,,,22541003.78,2865704.53,,7.352973252,6.45723141
,,,,15625181.05,1989763.012,,7.193825058,6.298801353
,,,,5219898.342,667381.302,,6.717662045,5.824374035
,,,,27858230.64,3559872.501,,7.44495353,6.551434444
,,,,15683655.72,2003260.032,,7.1954473,6.301737326
,,,,8716826.199,1113841.444,,6.940358387,6.046823373
,,,,10463533.55,1337810.814,,7.019678371,6.126394702
,,,,17451286.56,2231302.415,,7.24182745,6.348558436
,,,,10477620.72,1338926.085,,7.020262673,6.126756603
,,,,27989150.84,3576963.424,,7.446989723,6.553514499
,,,,8759474.82,1120250.49,,6.942478069,6.049315143
,,,,26339503.95,3375787.785,,7.420607592,6.528375137
,,,,19359952.27,2475088.542,,7.286904282,6.39359074
,,,,5288467.047,676110.2447,,6.723329803,5.830017517
,,,,3526125.737,450919.6436,,6.547297795,5.654099155
,,,,35332942.27,4523620.114,,7.548179804,6.655486126
,,,,10622470.58,1359541.315,,7.026225537,6.13339241
,,,,7082681.537,906468.543,,6.850197715,5.957352737
,,,,15945433.23,2039720.555,,7.202636323,6.309570673
,,,,33699503.63,4316241.651,,7.527623504,6.635105751
,,,,15977191.79,2047259.274,,7.203500448,6.311172847
,,,,5329167.403,683003.5647,,6.726659363,5.83442297
,,,,12442451.63,1595107.533,,7.094905961,6.202789966
,,,,1778249.27,228021.1851,,6.249992639,5.357975199
,,,,7114162.801,912307.3576,,6.852123799,5.960141177
,,,,23143977.55,2965815.166,,7.364437999,6.472144082
,,,,17832600.87,2281587.799,,7.251214689,6.358237186
,,,,5353917.218,685130.9975,,6.728671652,5.835773617
,,,,16070297.76,2057278.327,,7.206023924,6.313293051
,,,,14307080.99,1827409.158,,7.155551036,6.261835797
,,,,21481464.53,2745016.399,,7.332063887,6.438544943
,,,,41237513.57,5273759.039,,7.615292471,6.722120283
,,,,3590725.145,458574.1416,,6.555182163,5.661409562
,,,,17960345.27,2293607.995,,7.254314681,6.360519194
,,,,1798923.892,230347.8726,,6.25501279,5.362384206
,,,,14393559.14,1842699.577,,7.158168197,6.265454536
,,,,3603107.521,461981.4056,,6.556677222,5.664624496
,,,,14418903.32,1849129.985,,7.15893223,6.266967441
,,,,5409838.361,693794.2623,,6.733184289,5.841230704
,,,,21654504.02,2777415.855,,7.335548241,6.44364091
,,,,7223401.749,927118.8636,,6.85874177,5.967135418
,,,,19871423.25,2551089.333,,7.298228974,6.406725667
,,,,10853226.1,1392709.164,,7.03555885,6.143860433
,,,,12670027.17,1624736.004,,7.102777546,6.210782804
,,,,5430458.419,696411.4002,,6.734836493,5.842865872
,,,,9052133.155,1161040.936,,6.956750934,6.064847532
,,,,12680220.02,1627726.539,,7.103126789,6.211581444
,,,,30825061.81,3959677.082,,7.488903956,6.59765977
,,,,7265991.489,934778.2754,,6.861294885,5.970708611
,,,,10906187.83,1404227.292,,7.037672973,6.147437409
,,,,21844193.43,2816878.523,,7.339336014,6.449768119
,,,,23698375.07,3049685.442,,7.374718569,6.484255047
,,,,5473768.885,702038.442,,6.738286457,5.846360894
,,,,5478569.341,701477.1234,,6.738667163,5.846013512
,,,,3653741.841,467433.9044,,6.562737859,5.66972021
,,,,31129312.97,3977057.811,,7.493169536,6.599561904
,,,,31268238.87,3996768.221,,7.495103421,6.601708964
,,,,7375701.489,945951.2168,,6.867803332,5.97586874
,,,,12911408.3,1656583.218,,7.110973615,6.219213257
,,,,42505445.68,5462069.64,,7.628444574,6.737357233
,,,,3707247.969,477818.7502,,6.569051636,5.679263188
,,,,9291442.419,1196077.196,,6.96808314,6.07775921
,,,,7434899.209,957071.718,,6.871275085,5.980944483
,,,,9296475.607,1196778.035,,6.968318334,6.07801361
,,,,5578655.495,717830.4547,,6.746529543,5.85602188
,,,,35398554.9,4552191.546,,7.548985533,6.658220528
,,,,14935586.92,1924386.42,,7.174222294,6.284292283
,,,,9336740.457,1203254.192,,6.970195286,6.080357383
,,,,20560062.46,2651363.807,,7.31302443,6.423469324
,,,,13097969.06,1690081.216,,7.11720396,6.227907575
,,,,67584906.88,8753739.892,,7.82984972,6.942193638
,,,,24467174.53,3176788.605,,7.38858382,6.501988316
,,,,52800501.62,6845144.12,,7.722638049,6.835382596
,,,,9442103.218,1223195.914,,6.975068744,6.087496022
,,,,43492691.12,5647216.01,,7.638416281,6.7518344
,,,,26514703.45,3434728.34,,7.423486774,6.535892393
,,,,55027535.45,7110716.038,,7.740580062,6.851913336
,,,,34204981.62,4408507.187,,7.534089361,6.644291553
,,,,41904445.28,5387144.08,,7.622260096,6.731358591
,,,,13350533.61,1717615.974,,7.125498625,6.234926071
,,,,1907508.6,245503.6568,,6.280466505,5.390057965
,,,,34363874.89,4421056.079,,7.536102129,6.645526024
,,,,49821676.95,6426589.98,,7.697418341,6.807980593
,,,,24953971.26,3221323.466,,7.397139671,6.508034336
,,,,32682080.17,4215940.91,,7.514309691,6.624894515
,,,,38510403.6,4970403.173,,7.58557807,6.696391618
,,,,28911735.58,3733209.775,,7.461074163,6.572082394
,,,,27029950.86,3492529.709,,7.431845256,6.543140109
,,,,15485618.75,2004221.139,,7.189928563,6.301945639
,,,,42697269.71,5504334.976,,7.630400105,6.740704856
,,,,38895792.53,5008567.524,,7.589902625,6.699713533
,,,,48753926.2,6280008.628,,7.688009596,6.79796024
,,,,25394496.14,3272280.654,,7.4047396,6.514850545
,,,,13683314.77,1762911.307,,7.136191317,6.246230463
,,,,19557936.35,2520447.292,,7.291323028,6.40147762
,,,,41101430.38,5292239.162,,7.613856936,6.723639462
,,,,13708075.45,1765550.614,,7.136976486,6.246880172
,,,,23515240.47,3031179.445,,7.371349424,6.481611647
,,,,51071868.91,6577789.125,,7.708181751,6.818079946
,,,,17720972.69,2277690.232,,7.248487556,6.357494659
,,,,1969429.366,253155.1599,,6.294340409,5.403386784
,,,,29594702.3,3809480.638,,7.471213976,6.580865771
,,,,23724096.29,3058259.588,,7.375189678,6.485474346
,,,,21776141.81,2806913.304,,7.337980936,6.448228999
,,,,11884289.38,1531772.499,,7.074973218,6.185194268
,,,,21801182.02,2804193.333,,7.338480041,6.447807952
,,,,1982707.147,254830.1949,,6.297258572,5.406250886
,,,,35730579.88,4592094.625,,7.553040065,6.662010829
,,,,29869726.62,3843204.873,,7.475231248,6.584693536
,,,,9984123.116,1289495.779,,6.999309928,6.110419925
,,,,15981350.97,2064263.83,,7.203613489,6.314765203
,,,,11995831.82,1547933.164,,7.079030369,6.189752205
,,,,8005809.481,1028109.89,,6.903405251,6.012039537
,,,,32047608.58,4100654.046,,7.505795628,6.612853131
,,,,30081094.45,3835225.369,,7.478293633,6.583790889
,,,,36161067.84,4611148.609,,7.558241247,6.663809119
,,,,22146472.17,2824927.62,,7.345304555,6.451007325
,,,,36288718.27,4625103.119,,7.559771629,6.66512142
,,,,4035976.003,513614.161,,6.605948575,5.710636989
,,,,20186160.27,2569027.608,,7.305053717,6.409768771
,,,,24236787.81,3083711.387,,7.384475061,6.489073724
,,,,16162287.46,2056376.433,,7.208502827,6.313102618
,,,,2020535.715,257079.945,,6.305466532,5.410068198
,,,,46521698.84,5921333.318,,7.667655566,6.772419509
,,,,6074727.528,772878.1167,,6.783526803,5.888111011
,,,,8108859.224,1031516.937,,6.908959761,6.013476363
,,,,50783668.72,6466428.536,,7.705724072,6.810664482
,,,,46828894.48,5961432.275,,7.670513905,6.775350614
,,,,34825996.39,4346871.54,,7.541903551,6.638176806
,,,,36917222.29,4606430.279,,7.567229017,6.663364502
,,,,55440992.62,6920444.856,,7.743830997,6.840134012
,,,,20577627.44,2567252.327,,7.3133953,6.409468556
,,,,4117620.829,513828.2348,,6.614646352,5.710817965
,,,,24733465.76,3091031.049,,7.393284976,6.490103368
,,,,30991206.24,3871076.212,,7.49123848,6.587831722
,,,,31026398.49,3872821.357,,7.491731366,6.588027465
,,,,62141498.07,7750459.485,,7.793381719,6.88932745
,,,,45680192.84,5670199.855,,7.659727929,6.753598367
,,,,20796280.16,2579518.24,,7.31798566,6.411538603
,,,,4160581.737,516022.5982,,6.619154058,5.712668721
,,,,37507594.48,4651184.461,,7.574119212,6.667563563
,,,,31306594.24,3885258.061,,7.495635825,6.58941987
,,,,43873681.84,5451072.57,,7.642204082,6.736481964
,,,,54419816.69,6746507.435,,7.735757075,6.829079003
,,,,35674442.21,4389459.704,,7.552357191,6.642411066
,,,,31516862.99,3880241.704,,7.498542984,6.588858779
,,,,2102537.781,258859.2967,,6.322743809,5.413063767
,,,,35753451.44,4403284.646,,7.553317973,6.643776761
,,,,52671409.65,6493001.19,,7.721574942,6.812445482
,,,,27434677.67,3379162.728,,7.438299862,6.528809106
,,,,33825662.19,4165001.825,,7.529246307,6.619615196
,,,,27535245.36,3399285.972,,7.439888951,6.531387702
,,,,25482229.83,3140962.474,,7.406237428,6.497062748
,,,,4252674.373,524463.9702,,6.62866213,5.719715658
,,,,31947623.89,3936682.611,,7.504438563,6.595130402
,,,,72602093.74,8929005.077,,7.860949145,6.95080307
,,,,72864106.57,8933493.798,,7.862513644,6.95102134
,,,,42983060.35,5263816.227,,7.633297334,6.721300719
,,,,38717996.12,4738663.711,,7.587912872,6.675655889
,,,,40910648.64,5007086.98,,7.611836365,6.699585136
,,,,2153822.884,263711.8345,,6.333209987,5.42112962
,,,,19397768.35,2362780.221,,7.287751769,6.373423327
,,,,64838551.8,7850221.29,,7.811833306,6.894881899
,,,,71504149.31,8669063.611,,7.854331244,6.93797219
,,,,45618642.5,5545017.954,,7.659142358,6.743902957
,,,,47850874.68,5812557.258,,7.679889881,6.764367244
,,,,13061496.88,1586075.209,,7.115992951,6.200323777
,,,,39217610.14,4760347.102,,7.593481125,6.677638621
,,,,10905673.54,1323205.271,,7.037652493,6.121627222
,,,,28362805.3,3441581.321,,7.452749184,6.536758036
,,,,28381921.63,3443638.065,,7.453041796,6.5370175
,,,,43736516.27,5314758.737,,7.640844187,6.725483555
,,,,10946485.76,1329895.034,,7.039274717,6.123817364
,,,,10949855.7,1329637.36,,7.039408396,6.123733209
,,,,24105765.24,2930311.895,,7.382120923,6.466913848
,,,,59312292.51,7220649.595,,7.773144711,6.85857627
,,,,33009780.97,4014395.421,,7.518642643,6.603620149
,,,,35281446.83,4298011.741,,7.547546387,6.633267598
,,,,50819724.21,6201778.912,,7.706032304,6.79251628
,,,,8844040.358,1079139.731,,6.946650716,6.033077682
,,,,4423138.497,539546.9198,,6.645730538,5.732029218
,,,,42042406.66,5130216.621,,7.623687569,6.710135703
,,,,26577205.92,3243360.196,,7.424509321,6.510995182
,,,,15517197.15,1895296.826,,7.190813278,6.277677235
